customer_id,customer_name,city,signup_date
C00001,Ati Dasgupta,Mangaluru,21-05-23
C00002,Kamala Chakrabarti,Delhi,10-02-23
C00003,Dipta Roy,Vizag,15-11-22
C00004,Christopher Subramanian,Jaipur,04-11-23
C00005,Gayathri Raghavan,Mohali,17-04-24
C00006,Gaurav Menon,Chennai,30-11-23
C00007,Jagat Sanghvi,Mohali,16-05-23
C00008,Yashica Bora,Vizag,25-04-22
C00009,Reyansh Char,Kolkata,20-06-22
C00010,Kabir Varty,Delhi,12-11-23
C00011,Kevin Chhabra,Chennai,26-12-22
C00012,Faras Krishnamurthy,Pune,20-06-23
C00013,Zansi Chakrabarti,Bengaluru,18-07-23
C00014,Nidhi Seshadri,Ahmedabad,24-02-23
C00015,Daksha Bath,Mumbai,03-08-22
C00016,Widisha Kota,Mangaluru,12-03-23
C00017,Dipta Basu,Mangaluru,06-08-23
C00018,Yashawini Kale,Chennai,27-04-23
C00019,Siya Sood,Jaipur,18-12-22
C00020,Dhruv Rana,Mohali,15-10-23
C00021,Amaira Pingle,Bengaluru,21-08-22
C00022,Jairaj Narain,Jaipur,18-12-22
C00023,Forum Shenoy,Delhi,20-04-23
C00024,Abhimanyu Wali,Vizag,12-01-23
C00025,Watika Dasgupta,Chennai,29-05-23
C00026,Lakshit Bains,Vizag,08-07-22
C00027,Yatan Kumar,Jaipur,05-05-23
C00028,Baljiwan Pant,Lucknow,04-02-24
C00029,Jason Oza,Hyderabad,27-07-22
C00030,Farhan Nagy,Bengaluru,21-11-23
C00031,Aarush Keer,Kolkata,09-02-23
C00032,Jagvi Pandit,Mohali,22-09-23
C00033,Harrison Borah,Bengaluru,12-10-22
C00034,Yauvani Suresh,Jaipur,15-10-23
C00035,Reva Agarwal,Mohali,15-11-22
C00036,Sarthak Kuruvilla,Jaipur,08-02-23
C00037,Lakshmi Nayar,Mumbai,28-12-23
C00038,Max Trivedi,Lucknow,15-05-23
C00039,Girindra Samra,Kolkata,04-04-24
C00040,Chanchal Ray,Ahmedabad,19-02-23
C00041,Adweta Kumar,Mumbai,15-06-23
C00042,Sachi Nagar,Delhi,17-11-23
C00043,Harita Chaudhry,Kolkata,30-01-23
C00044,Balhaar Shukla,Mohali,02-04-23
C00045,Joshua Kar,Chennai,03-03-23
C00046,Ubika Rajagopal,Hyderabad,17-02-24
C00047,Janya Sem,Mumbai,09-11-23
C00048,Pranit Nayar,Hyderabad,14-08-23
C00049,Vritti Choudhary,Lucknow,01-11-23
C00050,Shivansh Dewan,Delhi,01-02-24
C00051,Aahana Basu,Delhi,07-05-23
C00052,Ekalinga Singhal,Mangaluru,25-11-22
C00053,Krishna Sastry,Ahmedabad,18-09-23
C00054,Tarak Rajagopal,Delhi,17-11-23
C00055,Urishilla Seshadri,Mohali,11-11-23
C00056,Falan Dasgupta,Jaipur,15-06-22
C00057,Yutika Samra,Mohali,02-08-23
C00058,Manbir Sen,Bengaluru,21-08-23
C00059,Omya Prabhakar,Bengaluru,29-09-23
C00060,Niharika Brahmbhatt,Vizag,12-06-23
C00061,Robert Mittal,Ahmedabad,22-02-23
C00062,Anmol Balakrishnan,Jaipur,24-08-22
C00063,Frado Kari,Bengaluru,03-08-22
C00064,Gavin Sankar,Chennai,19-07-23
C00065,Champak Buch,Jaipur,05-06-23
C00066,Elijah Anand,Lucknow,26-04-23
C00067,Nicholas Majumdar,Pune,17-01-24
C00068,Luke Walla,Hyderabad,16-07-22
C00069,Anika Mutti,Jaipur,12-06-23
C00070,Aayush Basu,Mohali,03-05-22
C00071,Geetika Roy,Mangaluru,21-09-22
C00072,Yoshita Mand,Mangaluru,24-02-24
C00073,Gautam Gola,Hyderabad,09-01-23
C00074,Saksham Kothari,Mangaluru,19-12-23
C00075,Nitesh Natt,Chennai,05-02-23
C00076,Frado Oak,Pune,30-08-22
C00077,Lavanya Chada,Vizag,26-09-23
C00078,Zayyan Warrior,Vizag,30-07-22
C00079,Turvi Magar,Kolkata,19-10-23
C00080,Yachana Bahl,Ahmedabad,23-03-24
C00081,Devansh Loyal,Jaipur,21-07-22
C00082,Radhika Barman,Ahmedabad,07-12-22
C00083,Ishanvi Mittal,Delhi,19-08-23
C00084,Ayush Palla,Hyderabad,28-08-23
C00085,Ira Bobal,Hyderabad,05-10-23
C00086,Onkar Choudhury,Delhi,07-01-24
C00087,Jai Devi,Kolkata,21-08-22
C00088,Panini Lad,Mumbai,15-04-23
C00089,Indrajit Srinivasan,Lucknow,17-08-23
C00090,Manya Hegde,Jaipur,21-09-22
C00091,Damini Mohanty,Hyderabad,18-08-23
C00092,Rohan Srivastava,Lucknow,03-09-23
C00093,Rachit Sengupta,Hyderabad,26-02-24
C00094,Ishanvi Varma,Mumbai,08-07-22
C00095,Max Nadig,Delhi,24-01-24
C00096,Jagat Handa,Mangaluru,22-08-22
C00097,Sara Bandi,Vizag,28-02-23
C00098,Girish Verma,Mumbai,14-05-22
C00099,Ikbal Ram,Hyderabad,02-10-23
C00100,Charvi Gola,Delhi,11-03-23
C00101,Champak Parikh,Mumbai,04-10-22
C00102,Zansi Pai,Kolkata,29-08-23
C00103,Banjeet Saini,Delhi,10-12-23
C00104,Isaac Basu,Jaipur,22-02-24
C00105,Bimala Oak,Hyderabad,12-02-24
C00106,Anita Singh,Chennai,02-08-23
C00107,Ekantika Karan,Vizag,19-11-22
C00108,Adya Subramaniam,Ahmedabad,14-12-23
C00109,Jeevika Varma,Hyderabad,28-05-23
C00110,Yashasvi Devan,Jaipur,29-07-23
C00111,Daksh Chana,Bengaluru,28-03-24
C00112,Champak Yogi,Mangaluru,15-11-22
C00113,Yatin Doshi,Lucknow,17-07-23
C00114,Robert Mall,Lucknow,04-10-22
C00115,Tarak Sama,Ahmedabad,05-11-23
C00116,Bishakha Tank,Hyderabad,03-05-23
C00117,Waida Oak,Mohali,19-01-23
C00118,Shivansh Madan,Ahmedabad,07-10-22
C00119,Arjun Goda,Mohali,01-10-23
C00120,Guneet Lal,Pune,22-07-22
C00121,Frederick Prashad,Hyderabad,08-11-23
C00122,Omya Patla,Delhi,15-06-23
C00123,Ishaan Balay,Delhi,22-04-22
C00124,Siddharth Suresh,Vizag,14-05-23
C00125,Mohini Patel,Pune,13-01-23
C00126,Orinder Prasad,Kolkata,26-10-23
C00127,Simon Lala,Pune,28-09-23
C00128,Charan Choudhry,Pune,22-10-23
C00129,Ishanvi Mammen,Ahmedabad,23-07-23
C00130,Lakshit Jain,Mangaluru,21-06-23
C00131,Om Mahal,Mumbai,18-05-23
C00132,Hemang Mander,Vizag,11-06-23
C00133,Oliver More,Vizag,22-08-22
C00134,Vasatika Prakash,Vizag,08-01-24
C00135,Aachal Basu,Delhi,11-09-23
C00136,Eiravati Subramanian,Mumbai,24-03-23
C00137,Leela Brahmbhatt,Pune,29-06-22
C00138,Varenya Yadav,Mangaluru,25-10-22
C00139,Mekhala Wali,Kolkata,27-06-22
C00140,Chatura Gour,Mohali,03-10-22
C00141,Nimrat Bhattacharyya,Delhi,21-10-23
C00142,Unni Rout,Hyderabad,07-08-22
C00143,Lopa Aurora,Hyderabad,02-07-23
C00144,Ikbal Murthy,Hyderabad,11-03-24
C00145,Aarav Venkataraman,Jaipur,10-11-23
C00146,Kiaan Nadkarni,Ahmedabad,27-06-23
C00147,Indira Sangha,Bengaluru,06-10-22
C00148,Tanveer Wali,Pune,09-03-23
C00149,Aarini Bains,Bengaluru,31-01-23
C00150,Ira Chander,Chennai,08-09-22
C00151,Zaid Kale,Ahmedabad,15-02-24
C00152,Rachana Tara,Hyderabad,07-05-23
C00153,Tanveer Gupta,Delhi,04-08-23
C00154,Yahvi Sankar,Ahmedabad,24-10-23
C00155,Panini Kade,Mohali,08-05-22
C00156,Zinal Kale,Jaipur,13-09-23
C00157,Falak Chaudhary,Delhi,03-02-23
C00158,Om Baral,Mumbai,15-04-24
C00159,Karan Ganesh,Vizag,30-01-24
C00160,Vasudha Tank,Jaipur,04-06-23
C00161,Diya Khosla,Mumbai,16-10-23
C00162,Libni Chowdhury,Delhi,07-09-22
C00163,Sathvik Madan,Mohali,13-09-22
C00164,Maanas Grover,Hyderabad,27-02-23
C00165,Amrita Sen,Bengaluru,18-06-22
C00166,Jeremiah Anne,Pune,29-07-22
C00167,Tripti Nayar,Ahmedabad,03-03-23
C00168,Ikshita Mukherjee,Ahmedabad,18-07-22
C00169,Onkar Doctor,Hyderabad,05-10-22
C00170,Waida Tailor,Pune,24-10-22
C00171,Dayita Cheema,Mumbai,24-07-23
C00172,Jagat Soni,Bengaluru,23-08-23
C00173,Akshay Chatterjee,Pune,30-03-23
C00174,Devika Chacko,Mumbai,19-11-23
C00175,Omisha Viswanathan,Pune,05-04-24
C00176,Balveer Misra,Chennai,21-12-22
C00177,Dhruv Kuruvilla,Mohali,25-02-24
C00178,Raagini Rao,Mohali,08-11-23
C00179,Yash Dugar,Ahmedabad,30-07-22
C00180,Dhriti Panchal,Chennai,25-05-22
C00181,Rachita Dhaliwal,Pune,20-06-22
C00182,Mitesh Suresh,Mangaluru,14-10-22
C00183,Bhavani Bandi,Mangaluru,07-12-22
C00184,Elijah Tak,Mohali,10-01-23
C00185,Ishwar Chandran,Jaipur,11-06-22
C00186,Samesh Behl,Vizag,23-05-23
C00187,Udant Lal,Mangaluru,16-02-23
C00188,Turvi Babu,Ahmedabad,28-02-23
C00189,Gopal Comar,Bengaluru,09-04-23
C00190,Zayan Chanda,Hyderabad,24-06-23
C00191,Rushil Babu,Chennai,03-07-23
C00192,Gautami Kamdar,Hyderabad,07-07-23
C00193,Turvi Baria,Mumbai,17-07-22
C00194,Logan Madan,Lucknow,26-10-22
C00195,Azaan Nagy,Mangaluru,04-01-24
C00196,Ekiya Nanda,Jaipur,24-10-22
C00197,Jason Saxena,Mumbai,03-05-22
C00198,Aarav Bhargava,Mangaluru,02-11-23
C00199,Sai Taneja,Kolkata,01-11-22
C00200,Garima Rao,Mumbai,06-10-22
C00201,Lavanya Dyal,Mumbai,30-04-23
C00202,Pratyush Narasimhan,Lucknow,03-04-23
C00203,Bhavna Zachariah,Ahmedabad,30-04-22
C00204,Sanaya Char,Jaipur,17-02-23
C00205,Vinaya Ray,Jaipur,02-09-23
C00206,Dalaja Singh,Bengaluru,05-09-22
C00207,Lipika Menon,Mumbai,21-05-22
C00208,Jagrati Bajaj,Jaipur,05-02-24
C00209,Yatan Sule,Delhi,30-10-22
C00210,Yoshita Bahl,Bengaluru,30-12-22
C00211,Yash Shenoy,Delhi,28-03-23
C00212,Ishani Badal,Lucknow,17-12-22
C00213,Rajeshri Ganesh,Delhi,20-07-22
C00214,Nisha Deshpande,Vizag,11-02-24
C00215,Frederick Sharma,Hyderabad,14-07-23
C00216,Zashil Sami,Pune,07-11-23
C00217,Lavanya Bhatia,Delhi,17-01-23
C00218,Raksha Gupta,Lucknow,17-05-22
C00219,Jackson Saraf,Hyderabad,26-02-23
C00220,Sneha Krish,Lucknow,23-05-23
C00221,Timothy Batra,Lucknow,17-04-24
C00222,Zashil Lala,Mumbai,10-07-22
C00223,Yatan Borra,Lucknow,22-08-23
C00224,Gaurika Kibe,Delhi,24-02-23
C00225,Bhanumati Kala,Pune,18-01-24
C00226,Meghana Bassi,Vizag,10-08-22
C00227,Xiti Khosla,Lucknow,15-04-24
C00228,Vivaan Dhaliwal,Lucknow,27-05-23
C00229,Ekalinga Joshi,Jaipur,25-04-23
C00230,Nitara Saraf,Kolkata,14-03-24
C00231,Neelima Yohannan,Chennai,26-02-23
C00232,Gayathri Lata,Hyderabad,16-03-24
C00233,Chatura Thaman,Vizag,12-12-22
C00234,Andrew Morar,Mangaluru,23-12-23
C00235,Praneel Venkatesh,Kolkata,28-02-23
C00236,Advik Dyal,Hyderabad,12-07-22
C00237,Ayush Kashyap,Chennai,03-11-22
C00238,Widisha Bumb,Pune,05-08-23
C00239,Qadim Issac,Bengaluru,28-03-24
C00240,Banjeet Purohit,Vizag,03-08-23
C00241,Ikbal Gola,Vizag,09-12-22
C00242,Hritik Tank,Chennai,23-07-22
C00243,Inaya Dewan,Ahmedabad,25-02-24
C00244,Samesh Ben,Kolkata,05-09-22
C00245,Vrinda D’Alia,Mohali,01-09-22
C00246,Anvi Divan,Delhi,17-09-23
C00247,Agastya Nanda,Mumbai,19-09-22
C00248,Wridesh Pai,Ahmedabad,23-09-23
C00249,Lakshmi Cherian,Lucknow,15-06-23
C00250,Abeer Chand,Lucknow,23-03-24
C00251,Praneel Thakkar,Delhi,29-07-23
C00252,Onkar Batta,Delhi,17-12-22
C00253,Jack Nagi,Jaipur,28-05-22
C00254,Madhav Raja,Hyderabad,17-03-23
C00255,Geetika Singh,Jaipur,24-11-22
C00256,Ria Kale,Chennai,05-05-22
C00257,Tripti Patil,Bengaluru,22-01-24
C00258,Bhavini Agarwal,Kolkata,02-02-23
C00259,Libni Datta,Delhi,22-07-23
C00260,Vinaya Narang,Hyderabad,30-10-22
C00261,Krishna Raja,Kolkata,19-06-22
C00262,Rachita Sahni,Chennai,23-12-23
C00263,Darpan Narula,Bengaluru,07-05-22
C00264,Unnati Shah,Ahmedabad,10-06-22
C00265,Chandran Thakur,Jaipur,03-12-22
C00266,Anmol Vig,Mangaluru,01-07-22
C00267,Farhan Sharaf,Chennai,29-03-24
C00268,Damini Kala,Lucknow,15-02-24
C00269,Urishilla Tak,Mohali,15-03-23
C00270,Siya Ratta,Vizag,08-10-23
C00271,Hitesh Chauhan,Jaipur,24-07-22
C00272,Xalak Choudhury,Mumbai,02-08-22
C00273,Janya Bhatti,Vizag,06-02-24
C00274,Falak Bhandari,Jaipur,02-01-23
C00275,Ekiya Lata,Chennai,12-01-24
C00276,Janani Bhalla,Vizag,13-05-23
C00277,Michael Shan,Delhi,07-03-23
C00278,Wahab Narain,Bengaluru,12-12-23
C00279,Caleb Warrior,Chennai,06-03-24
C00280,Gaurang Taneja,Delhi,18-10-23
C00281,Nitara Shah,Delhi,25-08-23
C00282,Mitesh Tata,Mangaluru,25-03-23
C00283,Caleb Balan,Jaipur,11-09-22
C00284,Keya Narain,Bengaluru,30-10-23
C00285,Aditya Bassi,Chennai,23-11-23
C00286,Krisha Gopal,Chennai,15-01-24
C00287,Rachit Bose,Lucknow,27-03-24
C00288,Nilima Sibal,Hyderabad,01-07-23
C00289,Isaac Tella,Mangaluru,22-12-22
C00290,Kevin Mohanty,Kolkata,06-06-22
C00291,Eesha Dutt,Hyderabad,15-06-23
C00292,Faqid Mander,Vizag,17-03-23
C00293,Anamika Krishnamurthy,Vizag,12-12-22
C00294,Shravya Narayan,Chennai,21-07-23
C00295,Isaiah Agate,Jaipur,07-09-23
C00296,Indali Bora,Ahmedabad,06-02-24
C00297,Charan Tank,Chennai,19-11-23
C00298,Yatan Nadkarni,Mumbai,08-02-24
C00299,Turvi Borah,Delhi,09-09-23
C00300,Advaith Sandal,Vizag,22-02-23
C00301,Warinder Bhagat,Pune,10-12-23
C00302,Darpan Sule,Chennai,12-01-24
C00303,Damyanti Peri,Mumbai,07-07-23
C00304,Veer Bir,Mumbai,30-08-22
C00305,Kritika Sani,Kolkata,26-09-22
C00306,Harini Mody,Mohali,09-09-22
C00307,Janani Ganesh,Bengaluru,07-10-22
C00308,Balendra Mahajan,Vizag,21-08-22
C00309,Krisha Bora,Chennai,07-12-22
C00310,Yug Jhaveri,Bengaluru,07-11-23
C00311,Zilmil Johal,Mangaluru,22-07-22
C00312,Xalak Balasubramanian,Ahmedabad,14-02-24
C00313,Agastya Goyal,Jaipur,07-08-23
C00314,Bhavya Kant,Mangaluru,04-10-23
C00315,Faris Tandon,Pune,12-02-24
C00316,Bakhshi Banik,Jaipur,02-08-22
C00317,Zarna Madan,Mumbai,11-04-24
C00318,Isaac Hegde,Delhi,17-03-24
C00319,Darika Iyengar,Delhi,02-01-23
C00320,Isha Ranganathan,Mangaluru,17-08-22
C00321,Praneel Muni,Bengaluru,26-05-22
C00322,Sneha Luthra,Jaipur,27-02-23
C00323,Darika Goyal,Mumbai,05-06-22
C00324,Mohini Murty,Kolkata,12-11-23
C00325,Gauri Savant,Lucknow,24-02-23
C00326,Abhimanyu Ramachandran,Jaipur,07-07-23
C00327,Odika Kakar,Bengaluru,01-06-22
C00328,Pratyush Chhabra,Pune,14-10-22
C00329,Falan Gera,Bengaluru,11-09-23
C00330,Aayush Solanki,Mumbai,11-09-23
C00331,Agastya Dhillon,Chennai,28-04-23
C00332,Dominic Bhagat,Kolkata,20-05-23
C00333,Advaith Oak,Mohali,15-06-22
C00334,Brinda Gupta,Mumbai,28-04-23
C00335,Osha Grover,Kolkata,31-10-22
C00336,Charan Bhattacharyya,Hyderabad,31-08-22
C00337,Hiral Prakash,Vizag,14-05-23
C00338,Yatin De,Hyderabad,28-01-24
C00339,Lila Khare,Vizag,29-06-23
C00340,Megha Kapoor,Delhi,31-05-22
C00341,Udarsh Luthra,Kolkata,07-02-24
C00342,Udyati Walla,Mohali,14-08-22
C00343,Vinaya Lad,Jaipur,16-10-23
C00344,Matthew Pillai,Pune,08-11-22
C00345,Ethan Hora,Lucknow,03-03-24
C00346,Jhalak Murthy,Mangaluru,15-09-22
C00347,Hamsini Chauhan,Bengaluru,03-10-22
C00348,Jackson Dutt,Hyderabad,24-08-22
C00349,Mohammed Swamy,Bengaluru,26-08-22
C00350,Nitesh Mann,Mohali,20-08-22
C00351,Ria Dani,Mohali,04-01-24
C00352,Chandani Chatterjee,Bengaluru,18-03-24
C00353,Orinder Handa,Pune,16-08-23
C00354,Bachittar Narayan,Mumbai,25-12-22
C00355,Meghana Koshy,Bengaluru,26-07-22
C00356,Gauri Som,Mangaluru,01-10-22
C00357,Yashvi Subramaniam,Kolkata,23-07-22
C00358,Yutika Issac,Mohali,02-11-23
C00359,Om Mall,Pune,02-02-23
C00360,Elijah Om,Mohali,21-05-23
C00361,Dakshesh Sankar,Vizag,27-11-22
C00362,Laban Dube,Mangaluru,16-05-23
C00363,Ranveer Warrior,Mohali,14-07-23
C00364,Divya Sridhar,Hyderabad,24-06-23
C00365,Theodore Suri,Chennai,09-05-23
C00366,Wahab Sinha,Bengaluru,27-12-23
C00367,Lekha Badami,Mohali,30-04-22
C00368,Harini Bhatnagar,Mangaluru,13-06-23
C00369,Indrajit Ranganathan,Delhi,10-09-23
C00370,Chandresh Kalita,Pune,23-02-24
C00371,Brinda Pandey,Mumbai,06-06-23
C00372,Sneha Pingle,Ahmedabad,18-08-23
C00373,Jagdish Sahota,Hyderabad,11-09-23
C00374,Radhika Prakash,Hyderabad,20-02-23
C00375,Vaishnavi Dutta,Ahmedabad,30-12-23
C00376,Neha Mand,Kolkata,29-12-23
C00377,Ayaan Bose,Chennai,11-11-22
C00378,Alexander Seshadri,Mohali,05-09-23
C00379,Gaurav Wable,Hyderabad,04-01-23
C00380,Charan Balan,Hyderabad,28-05-23
C00381,Amaira Hari,Mumbai,13-06-23
C00382,Parth Dani,Vizag,23-11-22
C00383,Vincent Rama,Hyderabad,15-08-22
C00384,Yamini Bansal,Pune,01-06-23
C00385,Jyoti Ratti,Kolkata,30-06-23
C00386,Finn Sachdev,Chennai,03-11-22
C00387,Laban Kanda,Delhi,09-01-24
C00388,Pahal Kothari,Mohali,27-05-22
C00389,Daksh Kurian,Chennai,18-07-22
C00390,Laban Lad,Kolkata,25-09-23
C00391,Frederick Salvi,Vizag,13-08-22
C00392,Varenya Prashad,Jaipur,19-03-23
C00393,Garima Goel,Pune,24-11-22
C00394,Nathan Behl,Vizag,14-01-23
C00395,Lakshmi Raghavan,Jaipur,26-07-23
C00396,Ridhi Chad,Kolkata,11-12-22
C00397,Charita Soman,Mumbai,08-04-23
C00398,Rudra Amble,Delhi,02-09-23
C00399,Finn Hayre,Chennai,19-07-23
C00400,Ekaja Sarna,Bengaluru,21-11-22
C00401,Wahab Chanda,Lucknow,05-03-23
C00402,Osha Chadha,Chennai,16-11-22
C00403,Bimala Cheema,Mumbai,16-12-22
C00404,Nitara Barman,Delhi,22-07-22
C00405,Anika Sibal,Lucknow,20-04-22
C00406,Rachita Krishnan,Pune,11-03-23
C00407,Qushi Mittal,Kolkata,17-09-22
C00408,Daniel Gara,Mangaluru,22-11-22
C00409,Chaman Bhatnagar,Mohali,07-08-22
C00410,Avni Bhatti,Kolkata,03-10-22
C00411,Jeet Bawa,Pune,02-06-23
C00412,Mitesh Chhabra,Lucknow,24-01-23
C00413,Neel Lal,Jaipur,01-04-23
C00414,Quincy Hora,Delhi,12-08-23
C00415,Darsh Narayan,Pune,15-06-23
C00416,Avi Acharya,Lucknow,01-10-23
C00417,Darpan Menon,Hyderabad,02-06-23
C00418,Anvi Bath,Chennai,04-01-24
C00419,Ridhi Pillai,Mumbai,06-05-23
C00420,Simon Contractor,Mangaluru,22-12-23
C00421,Harshil Bajaj,Pune,04-11-23
C00422,Jeevika Dhawan,Mumbai,30-05-22
C00423,Jeet Chakrabarti,Jaipur,05-12-23
C00424,Sudiksha Roy,Mohali,29-05-22
C00425,Omkaar Chokshi,Jaipur,11-03-24
C00426,Vamakshi Shanker,Vizag,13-07-23
C00427,Isaiah Kale,Mangaluru,21-08-22
C00428,Anita Babu,Mangaluru,05-06-23
C00429,Adweta Mammen,Mangaluru,30-06-22
C00430,Lakshmi Thakkar,Vizag,28-04-22
C00431,Vrishti Singh,Hyderabad,01-07-22
C00432,Omkaar Kapur,Kolkata,27-03-24
C00433,Vasudha Sarkar,Pune,12-04-23
C00434,Yahvi Nath,Delhi,14-10-22
C00435,Baljiwan Brar,Vizag,01-07-22
C00436,Ojasvi Pau,Kolkata,20-10-23
C00437,Urmi Mane,Lucknow,26-03-24
C00438,Mohammed Sha,Kolkata,08-05-22
C00439,Arya Seth,Vizag,11-07-22
C00440,Jalsa Kibe,Delhi,23-06-23
C00441,Tripti Sane,Mangaluru,20-10-22
C00442,Yashodhara Mand,Chennai,09-09-22
C00443,Yoshita Wagle,Jaipur,15-07-22
C00444,Dominic Vala,Chennai,08-01-23
C00445,Hritik Shukla,Vizag,14-03-24
C00446,Janaki Khalsa,Pune,27-04-22
C00447,Laban Dasgupta,Kolkata,02-04-24
C00448,Watika Chada,Pune,14-07-22
C00449,Atharv Virk,Mangaluru,29-10-23
C00450,Rushil Dyal,Chennai,25-12-22
C00451,Bahadurjit Konda,Jaipur,14-09-22
C00452,Wridesh Dara,Bengaluru,20-09-22
C00453,Omisha Goyal,Hyderabad,06-06-22
C00454,Krishna Mane,Pune,08-07-22
C00455,Samesh Krish,Vizag,24-04-23
C00456,Yashasvi Buch,Pune,09-04-24
C00457,Arunima Modi,Vizag,15-03-24
C00458,Krishna Om,Mangaluru,03-05-22
C00459,Girindra Kamdar,Bengaluru,03-03-24
C00460,Vrishti Kuruvilla,Lucknow,15-08-23
C00461,Girik Lanka,Lucknow,04-06-23
C00462,Farhan Kohli,Chennai,14-05-22
C00463,Tanay Aggarwal,Pune,08-06-23
C00464,Rushil Rajagopal,Jaipur,12-11-23
C00465,Ikshita Pandey,Mumbai,22-10-23
C00466,Rishi Savant,Chennai,25-10-22
C00467,Januja Kapur,Chennai,27-06-23
C00468,Maanas Narula,Hyderabad,15-05-23
C00469,Ikshita Nori,Pune,15-01-24
C00470,Ekansh Atwal,Mohali,15-01-24
C00471,Zilmil Karpe,Lucknow,31-10-23
C00472,Kamya Bahl,Lucknow,15-10-23
C00473,Akshay Wable,Vizag,25-12-23
C00474,Tanay Bora,Kolkata,07-03-24
C00475,Harsh Radhakrishnan,Ahmedabad,09-01-24
C00476,Dipta Dara,Ahmedabad,19-04-23
C00477,Akshay Borde,Ahmedabad,12-03-23
C00478,Balvan Shanker,Vizag,15-03-24
C00479,Abha Goswami,Hyderabad,07-02-24
C00480,Omkaar Comar,Jaipur,07-01-23
C00481,Oviya Bhalla,Ahmedabad,22-07-22
C00482,Raksha Mani,Mohali,13-04-23
C00483,Onkar Saini,Mohali,21-08-23
C00484,Aarnav Mohanty,Mangaluru,11-05-22
C00485,Anya Prashad,Bengaluru,17-05-22
C00486,Yashvi Gola,Vizag,02-09-23
C00487,Mekhala Dara,Delhi,17-09-22
C00488,Zilmil Balay,Chennai,22-11-23
C00489,Rohan Chacko,Jaipur,21-10-22
C00490,Pushti Palan,Vizag,01-11-23
C00491,Ojasvi Bhatt,Vizag,31-12-22
C00492,Gaurang Malhotra,Lucknow,31-10-23
C00493,Niharika Ahluwalia,Kolkata,13-07-23
C00494,Siddharth Deshmukh,Delhi,16-02-24
C00495,Rishi Seth,Mohali,09-06-22
C00496,Darpan Mohan,Hyderabad,02-05-22
C00497,Tarak Parsa,Vizag,31-12-23
C00498,Gautami Vora,Chennai,12-01-24
C00499,Gautami Rege,Hyderabad,20-08-23
C00500,Meera Nigam,Mohali,26-08-23
C00501,Nicholas Krish,Hyderabad,02-10-23
C00502,Megha Jayaraman,Bengaluru,01-01-24
C00503,Fiyaz Shetty,Mumbai,11-05-22
C00504,Daksh Cheema,Mumbai,13-06-23
C00505,Megha Patla,Hyderabad,26-11-22
C00506,Jairaj Jani,Ahmedabad,07-10-23
C00507,Abha Rao,Lucknow,18-03-23
C00508,Charita Mangal,Mohali,15-05-22
C00509,Charan Warrior,Delhi,19-05-23
C00510,Chanakya Doshi,Ahmedabad,29-05-22
C00511,Riya Karpe,Pune,24-04-23
C00512,Bhavika Sinha,Vizag,04-07-22
C00513,Laksh Dave,Lucknow,19-01-24
C00514,Mohini Das,Hyderabad,22-07-23
C00515,Nidra Krishna,Mangaluru,24-01-23
C00516,Maya Boase,Mangaluru,08-11-23
C00517,Ucchal Wali,Pune,21-08-23
C00518,Warda Contractor,Ahmedabad,04-07-23
C00519,Anika Baral,Pune,08-10-23
C00520,Yashawini Palla,Hyderabad,06-04-23
C00521,Raagini Balay,Bengaluru,01-02-23
C00522,Nathan Magar,Vizag,28-03-23
C00523,Sachi Barad,Mangaluru,11-09-22
C00524,Ranveer Kamdar,Mumbai,14-12-22
C00525,Simon Kashyap,Mohali,12-06-22
C00526,Warinder Ahuja,Mohali,12-11-23
C00527,Nirja Mody,Delhi,03-07-22
C00528,Ekalinga Bawa,Mohali,27-05-23
C00529,Xavier Kadakia,Pune,28-12-22
C00530,Sara Amble,Hyderabad,26-02-23
C00531,Henry Shenoy,Bengaluru,06-05-22
C00532,Vritti Buch,Mohali,23-05-22
C00533,Aayush Raj,Mangaluru,05-05-22
C00534,Barkha Sastry,Jaipur,21-04-22
C00535,Amruta Bhatnagar,Ahmedabad,05-09-22
C00536,Laksh Aggarwal,Mumbai,08-03-24
C00537,Naveen Jha,Jaipur,04-06-22
C00538,Maanav Kakar,Hyderabad,30-06-23
C00539,Osha Bahl,Delhi,19-02-23
C00540,Dalbir Dutt,Ahmedabad,30-06-23
C00541,Dalbir Sura,Bengaluru,06-12-22
C00542,Kala Agrawal,Mohali,01-06-23
C00543,Mahika Kale,Ahmedabad,13-05-23
C00544,Chaitaly Dasgupta,Vizag,06-01-23
C00545,Joshua Bajwa,Jaipur,15-12-23
C00546,Yadavi Boase,Jaipur,22-06-22
C00547,Omya Murthy,Lucknow,11-03-24
C00548,Maanas Vaidya,Kolkata,03-10-22
C00549,Warinder Shroff,Mohali,26-07-23
C00550,Yashodhara Kala,Ahmedabad,27-12-23
C00551,Tanay Kurian,Lucknow,23-02-24
C00552,Aachal Varty,Mangaluru,29-05-23
C00553,Waida Seth,Jaipur,23-09-23
C00554,Bishakha Behl,Pune,04-10-23
C00555,Owen Nagarajan,Jaipur,16-11-23
C00556,Timothy Nori,Ahmedabad,16-06-22
C00557,Vasatika Wason,Bengaluru,12-10-22
C00558,Jagdish Hayer,Mangaluru,17-04-24
C00559,Anvi Pandya,Ahmedabad,24-06-23
C00560,Nilima Samra,Ahmedabad,26-11-23
C00561,Dev Batta,Chennai,11-07-23
C00562,Banjeet Barad,Mohali,17-03-24
C00563,Jason Bassi,Hyderabad,22-02-24
C00564,Luke Oak,Vizag,04-12-22
C00565,Lavanya Gara,Chennai,20-02-23
C00566,Dhruv Soni,Mohali,03-07-22
C00567,Netra Rau,Mohali,18-08-22
C00568,Wakeeta Morar,Jaipur,27-12-22
C00569,Inaya Gour,Ahmedabad,09-10-22
C00570,Atharv Bajwa,Vizag,16-10-23
C00571,Kritika Barad,Hyderabad,08-03-23
C00572,Siddharth Tank,Chennai,01-12-23
C00573,Reva Vaidya,Ahmedabad,02-02-24
C00574,Yug Narula,Delhi,25-03-24
C00575,Shivani Rau,Mangaluru,01-01-24
C00576,Gavin Parsa,Chennai,01-01-23
C00577,Aryan Vig,Hyderabad,11-01-23
C00578,Ranveer Koshy,Chennai,14-12-22
C00579,Balhaar Lanka,Kolkata,28-09-23
C00580,Yashica Joshi,Kolkata,10-11-23
C00581,Isaiah Bhatt,Jaipur,12-01-23
C00582,Ryan Krishnan,Delhi,22-02-23
C00583,Ekantika Venkatesh,Bengaluru,18-11-23
C00584,Tanish Ghosh,Bengaluru,08-03-23
C00585,Abeer Narayanan,Hyderabad,13-11-23
C00586,Vasudha Kaul,Pune,08-03-24
C00587,Ucchal Sinha,Mangaluru,30-10-23
C00588,Owen Kannan,Bengaluru,10-04-23
C00589,Falan Patla,Mangaluru,22-08-23
C00590,Adweta Tailor,Hyderabad,14-05-23
C00591,Samaksh Chanda,Delhi,26-10-23
C00592,Shaurya Munshi,Pune,10-10-23
C00593,Ansh Luthra,Pune,07-10-22
C00594,Jagrati Pillai,Kolkata,22-04-22
C00595,Frederick Cherian,Jaipur,18-11-22
C00596,Chandresh Chowdhury,Ahmedabad,07-12-23
C00597,Kiaan Mukherjee,Pune,20-06-23
C00598,Nitesh Choudhry,Mumbai,11-06-22
C00599,Geetika Nagy,Hyderabad,24-05-22
C00600,Janya Dube,Pune,15-12-23
C00601,Vedant Samra,Pune,07-10-23
C00602,Krisha Narula,Mohali,15-02-24
C00603,Avi Dass,Lucknow,23-05-22
C00604,Jackson Parmar,Mangaluru,24-11-22
C00605,Isaac Sidhu,Mumbai,20-08-22
C00606,Hitesh Doshi,Mohali,21-09-22
C00607,Chasmum Bains,Lucknow,25-01-24
C00608,Ekta Loke,Pune,27-01-23
C00609,Charita Raval,Ahmedabad,01-11-22
C00610,Unni Sule,Mumbai,18-07-22
C00611,Abhimanyu Desai,Kolkata,27-04-22
C00612,Advik Gaba,Chennai,09-06-22
C00613,Janaki Ganesh,Mohali,05-04-23
C00614,Xalak Kar,Pune,15-03-23
C00615,Caleb Deshpande,Pune,06-02-23
C00616,Krisha Ghosh,Jaipur,06-02-23
C00617,Rohan Dugal,Mangaluru,27-06-22
C00618,Libni Ranganathan,Mangaluru,03-02-24
C00619,Lucky Shan,Jaipur,12-08-23
C00620,Nikita Subramanian,Mohali,27-03-23
C00621,Janaki Singh,Lucknow,31-05-22
C00622,Faraj Ahuja,Hyderabad,05-08-22
C00623,Guneet Acharya,Ahmedabad,28-06-22
C00624,Wazir Sidhu,Hyderabad,09-01-24
C00625,Garima Chahal,Chennai,06-10-23
C00626,Akshay Prasad,Pune,26-06-23
C00627,Aadhya Palla,Ahmedabad,04-06-22
C00628,Bhavani Gupta,Mumbai,18-10-23
C00629,Jackson Kunda,Pune,23-06-22
C00630,Aarav Kala,Kolkata,06-07-22
C00631,Lipika Chokshi,Vizag,14-10-23
C00632,Siya Choudhary,Vizag,24-08-23
C00633,Anjali Kala,Mohali,14-11-22
C00634,Luke Oza,Pune,19-04-23
C00635,Azad Sarin,Mangaluru,26-06-23
C00636,Raghav Mane,Bengaluru,05-06-22
C00637,Ati Sundaram,Ahmedabad,20-03-24
C00638,Harrison Johal,Bengaluru,03-08-22
C00639,Lakshit Bumb,Lucknow,22-10-22
C00640,Qadim Sant,Jaipur,26-09-23
C00641,Theodore Ramachandran,Mumbai,03-07-22
C00642,Tejas Chokshi,Pune,05-02-24
C00643,Damini Gandhi,Lucknow,23-12-22
C00644,Manthan Bassi,Lucknow,16-02-24
C00645,Kabir Kale,Vizag,22-05-23
C00646,Arin Batra,Mumbai,05-04-24
C00647,Bhanumati Agarwal,Delhi,28-03-24
C00648,Wridesh Banik,Vizag,27-01-23
C00649,Bimala Tak,Pune,13-03-24
C00650,Jeevika Dalal,Bengaluru,15-09-22
C00651,Lila Sankar,Ahmedabad,04-11-23
C00652,Andrew Luthra,Bengaluru,18-10-23
C00653,Udarsh Chada,Mumbai,28-10-22
C00654,Sai Singh,Chennai,05-12-23
C00655,Upadhriti Ganesh,Pune,05-03-24
C00656,Waida Palan,Kolkata,04-01-23
C00657,Wridesh Buch,Hyderabad,06-06-22
C00658,Yashvi Ratta,Ahmedabad,07-04-23
C00659,Rushil Bakshi,Kolkata,26-07-23
C00660,Harshil Mani,Kolkata,08-07-22
C00661,Dhruv Sura,Mohali,01-03-24
C00662,Nitara Hans,Pune,26-03-24
C00663,Janaki Ahuja,Chennai,24-11-22
C00664,Balendra Virk,Mohali,18-03-23
C00665,Zayyan Tiwari,Pune,09-08-23
C00666,Girish Madan,Chennai,10-02-24
C00667,Zayyan Naik,Delhi,03-07-22
C00668,Dhruv Lalla,Ahmedabad,24-10-22
C00669,Abdul Rege,Mumbai,19-02-23
C00670,Quincy Bains,Mangaluru,16-07-23
C00671,Pallavi Goel,Jaipur,15-02-24
C00672,Banjeet Prakash,Mumbai,17-08-23
C00673,Quincy Choudhary,Kolkata,19-12-22
C00674,Sneha Loyal,Hyderabad,01-11-23
C00675,Ladli Mukhopadhyay,Vizag,01-09-22
C00676,Triya Chadha,Delhi,22-03-23
C00677,Unnati Barad,Mohali,19-04-23
C00678,Oeshi Saini,Vizag,06-06-23
C00679,Kai Kar,Mumbai,23-03-23
C00680,Vihaan Sur,Mohali,16-09-23
C00681,Chaitanya Nigam,Mumbai,29-03-24
C00682,Vidhi Aggarwal,Hyderabad,14-07-22
C00683,Rehaan Bhardwaj,Hyderabad,26-12-22
C00684,Fariq Bava,Mumbai,07-11-23
C00685,Pahal Chada,Lucknow,26-08-22
C00686,Darsh Kala,Bengaluru,15-05-22
C00687,Gaurang Sarin,Hyderabad,27-07-23
C00688,Garima Khosla,Bengaluru,10-05-22
C00689,Arya Bhargava,Ahmedabad,01-04-23
C00690,Shravya Chopra,Vizag,29-10-23
C00691,Yoshita Gulati,Delhi,17-05-23
C00692,Chandran Wable,Lucknow,31-01-24
C00693,Ekaja D’Alia,Hyderabad,31-12-23
C00694,Falguni Deshmukh,Ahmedabad,01-03-24
C00695,Daksha Basak,Mangaluru,04-08-23
C00696,Finn Toor,Chennai,19-05-23
C00697,Ekalinga Bhat,Mohali,09-06-23
C00698,Manthan Thaman,Kolkata,01-01-24
C00699,Eesha Cherian,Bengaluru,29-09-22
C00700,Oliver Chada,Lucknow,03-03-24
C00701,Hamsini Kant,Lucknow,06-12-22
C00702,Abhimanyu Chadha,Mangaluru,06-08-23
C00703,George Bansal,Mangaluru,24-01-23
C00704,Vivaan Rastogi,Delhi,25-08-23
C00705,Sachi Andra,Mohali,10-04-23
C00706,Finn Kata,Bengaluru,02-03-24
C00707,Panini Morar,Chennai,11-10-23
C00708,Aarna Patla,Delhi,20-01-23
C00709,Sneha Naik,Lucknow,27-08-22
C00710,Daksha Rajan,Mumbai,07-03-23
C00711,Jasmit Bali,Chennai,24-06-23
C00712,Chasmum Singhal,Lucknow,22-08-23
C00713,Frederick Dada,Vizag,18-11-23
C00714,Logan Bera,Pune,30-01-24
C00715,Tanvi Bora,Pune,16-06-22
C00716,Tanmayi Mannan,Mangaluru,07-08-22
C00717,Isaiah Loke,Hyderabad,26-01-24
C00718,Yug Dalal,Delhi,31-12-23
C00719,Ishaan Khanna,Lucknow,21-05-22
C00720,Jai Palla,Mangaluru,02-07-23
C00721,Liam Maharaj,Vizag,26-04-23
C00722,Gunbir Narula,Hyderabad,30-08-22
C00723,Lekha Sridhar,Delhi,09-02-23
C00724,Amrita Zacharia,Mangaluru,30-12-23
C00725,Rushil Rege,Mohali,22-07-23
C00726,Balhaar Kala,Chennai,01-12-23
C00727,Jagat Bava,Vizag,22-03-24
C00728,Charan Parekh,Lucknow,13-06-22
C00729,Tristan Chander,Mohali,29-08-23
C00730,Maanav Gola,Delhi,14-06-22
C00731,Osha Koshy,Mohali,26-02-24
C00732,Tanvi Khanna,Lucknow,13-01-24
C00733,Yamini Mutti,Mohali,10-04-24
C00734,Sathvik Bava,Mumbai,18-08-22
C00735,Ekanta Hans,Kolkata,14-10-22
C00736,Faris Pal,Jaipur,05-03-23
C00737,Chaitanya Dewan,Pune,16-06-22
C00738,Kritika Sharaf,Vizag,17-01-24
C00739,Abhimanyu Halder,Kolkata,12-05-22
C00740,Fiyaz Pathak,Delhi,10-09-22
C00741,Upma Pant,Jaipur,04-01-24
C00742,Kritika Sem,Vizag,27-11-23
C00743,Jhalak Kurian,Kolkata,27-10-23
C00744,Ishwar Dube,Mumbai,30-03-23
C00745,Onveer Prabhu,Pune,25-02-24
C00746,Vaishnavi Keer,Ahmedabad,26-10-22
C00747,Bhavini Kakar,Delhi,03-05-22
C00748,Janani Dyal,Pune,26-11-22
C00749,Indali Gulati,Kolkata,08-08-23
C00750,Nikita Pau,Vizag,16-06-23
C00751,Faras Mukherjee,Ahmedabad,02-09-22
C00752,Divya Buch,Mangaluru,20-07-22
C00753,Robert Prabhu,Bengaluru,19-05-22
C00754,Krish Khanna,Pune,04-06-23
C00755,Warjas Mishra,Bengaluru,13-08-22
C00756,Wakeeta Dutta,Mangaluru,12-04-24
C00757,Zarna Gokhale,Jaipur,16-08-23
C00758,Champak Ramanathan,Vizag,16-01-23
C00759,Aarnav Thaman,Chennai,03-10-22
C00760,Harita Dayal,Lucknow,26-02-24
C00761,Caleb Iyer,Mohali,02-04-23
C00762,Faras Balasubramanian,Jaipur,19-11-23
C00763,Sai Handa,Mohali,30-12-22
C00764,Xavier Dass,Ahmedabad,08-08-23
C00765,Eta Sheth,Ahmedabad,16-03-24
C00766,Advik Patel,Pune,18-08-22
C00767,William Rastogi,Mangaluru,05-04-24
C00768,Darsh Sant,Lucknow,13-06-22
C00769,Benjamin Parikh,Chennai,21-04-23
C00770,Jatin Taneja,Kolkata,25-04-22
C00771,Anita Malhotra,Hyderabad,16-09-23
C00772,Wazir Thakkar,Delhi,22-08-23
C00773,Chakradev Soni,Chennai,19-02-23
C00774,Devika Shroff,Ahmedabad,07-11-22
C00775,Upadhriti Issac,Hyderabad,14-02-24
C00776,Deepa Manda,Mohali,06-06-23
C00777,Oeshi Doshi,Ahmedabad,01-05-22
C00778,Umang Ray,Lucknow,15-01-24
C00779,Nitesh Dey,Lucknow,28-01-24
C00780,Sai Mann,Vizag,30-10-22
C00781,Ikshita Nayak,Pune,04-08-23
C00782,Jalsa Dhingra,Kolkata,26-11-23
C00783,Ekaraj Vora,Mumbai,28-02-24
C00784,Dayamai Purohit,Ahmedabad,05-03-24
C00785,Farhan Krishnan,Kolkata,18-01-23
C00786,Keya Sibal,Bengaluru,30-05-22
C00787,Zashil Divan,Ahmedabad,14-12-23
C00788,Tara Chhabra,Hyderabad,28-07-23
C00789,Nirja Saxena,Kolkata,18-09-22
C00790,Hiral Wable,Mohali,23-10-22
C00791,Advaith Kari,Chennai,24-01-23
C00792,Gaurika Kari,Kolkata,04-02-24
C00793,Finn Lal,Chennai,11-12-23
C00794,Zaitra Keer,Lucknow,21-10-23
C00795,Vansha Vala,Mangaluru,29-06-22
C00796,Ayushman Baral,Chennai,23-01-24
C00797,Chatresh Savant,Jaipur,21-11-23
C00798,Triveni Yadav,Mumbai,12-08-22
C00799,Eshana Taneja,Jaipur,11-02-23
C00800,Dakshesh Guha,Hyderabad,29-11-22
C00801,Yashvi Ray,Delhi,18-08-23
C00802,Reva Saini,Hyderabad,12-01-23
C00803,Vinaya Gola,Mangaluru,26-01-23
C00804,Chatresh Narang,Pune,21-09-23
C00805,Jyoti Pillai,Ahmedabad,01-03-24
C00806,Banjeet Bhakta,Jaipur,19-05-22
C00807,Maya Hora,Mohali,30-09-22
C00808,Ria Deep,Hyderabad,04-02-24
C00809,Anjali Boase,Mangaluru,02-11-22
C00810,Anika Bajwa,Ahmedabad,29-06-23
C00811,Bina Baria,Vizag,04-05-23
C00812,Chaaya Kanda,Mangaluru,08-05-23
C00813,Nitesh Dani,Ahmedabad,02-12-22
C00814,Aishani Barad,Ahmedabad,23-10-22
C00815,Imaran Bali,Mohali,02-06-23
C00816,Yuvraj Saraf,Mumbai,08-12-22
C00817,Manya Radhakrishnan,Delhi,11-10-22
C00818,Tamanna Ratti,Chennai,02-10-22
C00819,Lipika Trivedi,Hyderabad,09-03-23
C00820,Vihaan Puri,Pune,12-11-22
C00821,Ojas Nadig,Mangaluru,19-03-23
C00822,Siya Sidhu,Hyderabad,01-06-23
C00823,Hema Parmer,Chennai,02-08-22
C00824,Eesha Oza,Vizag,21-05-22
C00825,Yauvani Narasimhan,Lucknow,07-01-24
C00826,Ladli Pandya,Kolkata,01-10-22
C00827,Turvi Rastogi,Ahmedabad,18-11-22
C00828,Robert Tella,Jaipur,19-12-22
C00829,Tanmayi Raju,Jaipur,27-11-23
C00830,Aarnav Raj,Kolkata,03-11-23
C00831,Samaksh Brar,Pune,27-05-23
C00832,Omisha Som,Mangaluru,24-01-24
C00833,Devansh Sinha,Jaipur,11-12-22
C00834,Rayaan Sama,Kolkata,29-10-22
C00835,Abdul Rana,Kolkata,14-09-23
C00836,Harshil Narang,Mangaluru,12-12-23
C00837,Shaurya Goel,Ahmedabad,12-08-23
C00838,Vamakshi Palla,Chennai,14-01-24
C00839,Ijaya Wable,Chennai,03-07-23
C00840,Naksh Sundaram,Chennai,25-02-23
C00841,Nihal Om,Hyderabad,14-07-22
C00842,Kala Bera,Delhi,12-08-22
C00843,David Deshpande,Mangaluru,15-06-22
C00844,Indali Nagarajan,Hyderabad,24-10-23
C00845,Rayaan Chanda,Kolkata,24-07-23
C00846,Frederick Khosla,Delhi,18-08-22
C00847,Vedika Kata,Mangaluru,21-07-23
C00848,Vasudha Bhat,Jaipur,29-01-23
C00849,Amruta Shetty,Mohali,26-11-22
C00850,Gautam Gala,Mangaluru,22-03-23
C00851,Sanaya Krish,Bengaluru,02-05-23
C00852,Bishakha Baral,Hyderabad,27-03-23
C00853,Ethan Mutti,Hyderabad,19-08-22
C00854,Brinda Babu,Mangaluru,17-12-22
C00855,Mitali Morar,Ahmedabad,20-12-23
C00856,Veer Khurana,Chennai,06-01-23
C00857,Zinal Ghose,Mangaluru,21-11-22
C00858,Aadi Rout,Lucknow,27-07-23
C00859,Raksha Sani,Mohali,11-07-22
C00860,Chasmum More,Jaipur,02-02-24
C00861,Ishaan Nigam,Lucknow,09-04-23
C00862,Baljiwan Hora,Chennai,08-05-22
C00863,Amruta Sankaran,Delhi,22-03-24
C00864,Lakshmi Deshmukh,Hyderabad,10-06-23
C00865,Chatresh Barad,Chennai,18-06-23
C00866,Aachal Virk,Hyderabad,10-12-23
C00867,Zilmil Mitra,Kolkata,29-05-23
C00868,David Zachariah,Bengaluru,17-11-23
C00869,Hiral Shere,Chennai,23-06-22
C00870,Anay Narasimhan,Mumbai,28-10-23
C00871,Yochana Arya,Mangaluru,07-08-23
C00872,Hamsini Guha,Jaipur,03-10-23
C00873,Akshay Patla,Bengaluru,17-08-23
C00874,Aarini Nayak,Chennai,21-02-23
C00875,Ekapad Dhar,Mumbai,12-02-23
C00876,Isaiah Shankar,Mumbai,01-05-22
C00877,Tarak Sathe,Jaipur,04-12-22
C00878,Benjamin Bandi,Chennai,26-01-24
C00879,Imaran Oak,Mangaluru,16-05-23
C00880,Ubika Shukla,Bengaluru,04-04-24
C00881,Utkarsh Sarkar,Vizag,06-03-23
C00882,Sachi Divan,Mohali,03-09-22
C00883,Nidhi Venkatesh,Ahmedabad,25-10-22
C00884,Hema Bose,Delhi,16-09-23
C00885,Teerth Mander,Mumbai,12-03-24
C00886,Fariq Hayer,Lucknow,18-09-23
C00887,Qushi Kar,Chennai,24-10-22
C00888,Nidhi Sarna,Ahmedabad,26-05-22
C00889,Nidhi Mittal,Ahmedabad,12-04-23
C00890,Ojas Choudhary,Ahmedabad,07-01-23
C00891,Oliver Ramaswamy,Kolkata,19-02-24
C00892,Harsh Bhardwaj,Bengaluru,12-08-23
C00893,Samesh Krishnamurthy,Mumbai,24-03-23
C00894,Jagat Gour,Chennai,26-07-23
C00895,Mitali Sundaram,Ahmedabad,12-05-22
C00896,Laban Nadig,Delhi,30-12-22
C00897,Ekaja Bath,Delhi,02-01-24
C00898,Madhav Badal,Pune,29-05-23
C00899,Riya Keer,Ahmedabad,14-02-23
C00900,Yashasvi Kapadia,Delhi,26-01-23
C00901,Kamala Kapur,Lucknow,13-11-23
C00902,Harini Vaidya,Vizag,01-02-23
C00903,Pranav Om,Vizag,24-06-23
C00904,Sathvik Bose,Mumbai,16-02-24
C00905,Rachit Patel,Bengaluru,24-06-22
C00906,Omisha Brahmbhatt,Bengaluru,31-08-23
C00907,Yamini Kibe,Mohali,20-09-23
C00908,Pranit Bobal,Lucknow,05-01-24
C00909,Jacob Date,Chennai,21-01-23
C00910,Neel Sekhon,Delhi,24-10-22
C00911,Adweta Walla,Hyderabad,05-05-22
C00912,Nathan Dua,Delhi,07-10-22
C00913,Baljiwan Deshmukh,Jaipur,06-06-23
C00914,Alka Kata,Mohali,15-10-22
C00915,Champak Garg,Pune,20-12-23
C00916,Gavin Mane,Lucknow,27-05-23
C00917,Darpan Ratta,Lucknow,27-07-22
C00918,Ekansh Wadhwa,Mohali,13-04-23
C00919,Aadi Zachariah,Lucknow,05-07-23
C00920,Charan Sanghvi,Hyderabad,09-02-24
C00921,Harsh Bajaj,Mohali,01-05-23
C00922,Alexander Upadhyay,Jaipur,04-06-23
C00923,Sara Venkataraman,Pune,06-03-23
C00924,Nihal Batra,Ahmedabad,11-04-23
C00925,Shravya Kalita,Ahmedabad,08-10-22
C00926,Kashvi Chadha,Chennai,25-03-24
C00927,Aarav Tella,Lucknow,06-07-23
C00928,Yoshita Magar,Pune,31-12-23
C00929,Ayaan Thakkar,Chennai,07-01-24
C00930,Qarin Kale,Lucknow,01-04-24
C00931,Ryan Oommen,Lucknow,19-05-23
C00932,Gaurika Raja,Mumbai,06-10-22
C00933,Aashi Raval,Lucknow,18-01-24
C00934,Idika Gupta,Mangaluru,25-04-22
C00935,Tamanna Savant,Delhi,11-06-22
C00936,Sneha Vig,Mohali,01-04-24
C00937,Yachana Ravi,Hyderabad,10-11-22
C00938,Robert Bhalla,Vizag,08-05-22
C00939,Januja Balay,Hyderabad,28-11-23
C00940,Warinder Bawa,Chennai,09-09-22
C00941,Ekani Manda,Vizag,27-01-23
C00942,Advik Balakrishnan,Delhi,31-10-22
C00943,Odika Kuruvilla,Bengaluru,17-11-22
C00944,Ishita Kashyap,Hyderabad,03-01-23
C00945,Kala Brahmbhatt,Bengaluru,03-12-23
C00946,Eta Chand,Jaipur,07-03-23
C00947,Gaurangi Ravi,Delhi,20-09-23
C00948,Jalsa Aggarwal,Bengaluru,24-10-23
C00949,Vyanjana Dhar,Mumbai,21-11-22
C00950,Nilima Wadhwa,Pune,16-05-23
C00951,Arunima Kaur,Ahmedabad,08-01-24
C00952,Sai Varghese,Mangaluru,05-02-23
C00953,Arya Dhar,Lucknow,06-07-23
C00954,Rishi Bhargava,Ahmedabad,17-06-23
C00955,Dhriti Hari,Chennai,21-08-22
C00956,Indira Morar,Mumbai,09-02-23
C00957,Chanchal Kulkarni,Hyderabad,08-08-23
C00958,Aditya Ravel,Chennai,27-12-22
C00959,Wyatt Kalita,Mangaluru,21-01-23
C00960,Ria Bhatnagar,Chennai,07-03-23
C00961,Ucchal Madan,Mangaluru,12-04-23
C00962,Joshua Pau,Ahmedabad,21-05-22
C00963,Viraj Tella,Delhi,06-05-23
C00964,Peter Goda,Vizag,11-12-23
C00965,Abdul Sharma,Hyderabad,14-01-24
C00966,Viraj Kant,Chennai,19-05-22
C00967,Yatan Barman,Mohali,29-09-22
C00968,Vamakshi Thakkar,Mohali,06-01-24
C00969,Aryan Baria,Vizag,23-03-23
C00970,Bimala Hegde,Lucknow,19-10-23
C00971,Robert Bath,Vizag,16-10-23
C00972,Wishi Mann,Mohali,24-07-23
C00973,Theodore Bir,Hyderabad,02-07-22
C00974,Sanya Gandhi,Pune,04-04-24
C00975,Nitara Palan,Delhi,09-04-24
C00976,Aryan Acharya,Jaipur,09-08-23
C00977,Aishani Buch,Hyderabad,21-06-22
C00978,Nidhi Ghosh,Vizag,28-08-22
C00979,Jai Ratti,Bengaluru,05-06-22
C00980,Mason Parmar,Chennai,08-03-24
C00981,Wishi Loke,Bengaluru,14-05-22
C00982,Adweta Ram,Delhi,28-11-22
C00983,Omisha Dara,Mumbai,22-05-23
C00984,Nirja Sastry,Bengaluru,10-01-24
C00985,Krishna Bahl,Mohali,09-12-22
C00986,Yashoda Patil,Chennai,01-11-23
C00987,Tristan Mand,Lucknow,16-03-24
C00988,Abeer Kapadia,Mangaluru,07-08-22
C00989,Anita Bhagat,Lucknow,25-04-22
C00990,Mohini Kurian,Chennai,22-06-22
C00991,Quincy Sastry,Ahmedabad,25-07-23
C00992,Krisha Sekhon,Delhi,29-04-22
C00993,Jeet Ahuja,Ahmedabad,05-06-22
C00994,Vinaya Bobal,Mangaluru,23-12-22
C00995,Charles Swaminathan,Chennai,02-03-24
C00996,Finn Soman,Mangaluru,01-08-23
C00997,Arjun Roy,Pune,06-01-24
C00998,Omisha Kibe,Chennai,29-11-22
C00999,Ishaan Tripathi,Jaipur,19-07-23
C01000,Raagini Jani,Jaipur,17-02-24
C01001,Vivaan Chahal,Ahmedabad,10-04-23
C01002,Chakradhar Mohan,Ahmedabad,22-11-22
C01003,Vedhika Choudhary,Delhi,22-03-23
C01004,Praneel Prabhakar,Lucknow,20-03-23
C01005,Krish Doctor,Mumbai,14-10-22
C01006,Ekanta Char,Pune,12-11-23
C01007,Qarin Dani,Mangaluru,25-04-23
C01008,Aayush Samra,Kolkata,23-09-22
C01009,Warjas Grover,Lucknow,12-03-24
C01010,Bhavini Krishna,Chennai,07-08-23
C01011,Harsh Mani,Mumbai,09-07-22
C01012,Lajita Shah,Delhi,19-01-23
C01013,Bachittar Mitter,Hyderabad,29-10-23
C01014,Yamini Swaminathan,Vizag,18-05-23
C01015,Darpan Sangha,Lucknow,07-01-24
C01016,Sudiksha Zacharia,Lucknow,19-12-23
C01017,Rachana Dewan,Mumbai,31-12-23
C01018,Faraj Sehgal,Mohali,07-01-24
C01019,Reva Purohit,Vizag,05-12-22
C01020,Gaurangi Ravel,Chennai,28-04-23
C01021,Manbir Dixit,Lucknow,04-05-23
C01022,Jasmit Cherian,Mumbai,04-05-23
C01023,Garima Pal,Mohali,11-09-22
C01024,Oni Karpe,Mohali,20-12-23
C01025,Hemani Balasubramanian,Bengaluru,19-06-22
C01026,Fiyaz Gaba,Ahmedabad,14-01-23
C01027,Girindra Kaur,Jaipur,11-12-23
C01028,Anthony Sule,Vizag,28-10-22
C01029,Aadi Sura,Ahmedabad,23-01-23
C01030,Leela Kashyap,Chennai,22-11-22
C01031,Zashil Bhandari,Bengaluru,12-10-22
C01032,Harita Srinivas,Lucknow,28-09-23
C01033,Chakradev Tara,Pune,05-03-24
C01034,Vyanjana Padmanabhan,Vizag,20-02-24
C01035,Varenya Deol,Ahmedabad,25-03-24
C01036,Jagat Parsa,Delhi,15-10-23
C01037,Ekbal Raju,Ahmedabad,08-09-22
C01038,Ekbal Saini,Kolkata,29-12-23
C01039,Frado Narula,Pune,07-08-22
C01040,Yug Arora,Kolkata,27-07-23
C01041,Saksham Patla,Kolkata,26-12-23
C01042,Raksha Gaba,Vizag,06-02-23
C01043,Isaiah Rattan,Delhi,01-03-23
C01044,Lohit Acharya,Bengaluru,19-04-22
C01045,Zayan Sood,Kolkata,03-12-22
C01046,Farhan Dua,Pune,19-10-22
C01047,Akshay Mangat,Mangaluru,31-08-23
C01048,Omaja Ranganathan,Ahmedabad,29-05-22
C01049,Fariq Sarraf,Chennai,30-05-22
C01050,Ganga Pau,Vizag,26-10-22
C01051,Indrajit Das,Pune,13-09-22
C01052,Yashawini Sathe,Mohali,12-08-23
C01053,Gagan Badami,Jaipur,30-03-24
C01054,Chandani Prabhu,Mumbai,10-02-23
C01055,Upkaar Prasad,Ahmedabad,04-05-23
C01056,Vasudha Rege,Delhi,31-12-22
C01057,Daniel Chaudhry,Kolkata,21-01-23
C01058,Kamya Rai,Chennai,16-03-24
C01059,Vincent Mall,Kolkata,26-10-23
C01060,Zilmil Thakkar,Delhi,19-07-22
C01061,Faras Pandit,Mohali,06-03-24
C01062,Bhavani Solanki,Pune,23-11-22
C01063,Chatura Raj,Jaipur,25-07-22
C01064,Megha Parikh,Mumbai,29-04-23
C01065,Chandran Bir,Vizag,26-06-23
C01066,Ishita Gara,Jaipur,10-11-23
C01067,Hardik Krish,Ahmedabad,26-12-22
C01068,Jacob Sehgal,Pune,09-03-23
C01069,Matthew Singhal,Mumbai,28-04-22
C01070,Januja Mander,Hyderabad,09-04-24
C01071,Ayaan Saran,Jaipur,14-10-23
C01072,Siya Sachdev,Kolkata,07-11-23
C01073,Zashil Raman,Lucknow,06-12-23
C01074,Vanya Chada,Mohali,03-04-23
C01075,George Kar,Ahmedabad,29-10-23
C01076,Bishakha Balasubramanian,Vizag,27-10-22
C01077,Qushi Bora,Ahmedabad,28-03-23
C01078,Triveni Sridhar,Mohali,13-05-23
C01079,Nimrat Kakar,Mumbai,31-08-22
C01080,Aahana Bir,Hyderabad,06-09-23
C01081,Zashil Mann,Chennai,18-07-22
C01082,Jackson Borde,Jaipur,15-06-22
C01083,Janya Sinha,Bengaluru,16-08-23
C01084,Sachi Chokshi,Chennai,23-12-22
C01085,Advika Narayan,Ahmedabad,08-06-23
C01086,Manya Buch,Mangaluru,03-09-22
C01087,Siya Rattan,Ahmedabad,29-04-22
C01088,Mason Apte,Delhi,26-04-22
C01089,Naveen Dash,Mumbai,18-05-23
C01090,Ekbal Sidhu,Vizag,27-08-23
C01091,Niharika Vaidya,Lucknow,26-08-22
C01092,Ojasvi Borra,Mohali,15-06-23
C01093,Omaja Iyer,Hyderabad,28-08-22
C01094,Vasudha Shere,Mangaluru,21-09-23
C01095,Ucchal Palla,Bengaluru,15-10-22
C01096,Girik Padmanabhan,Chennai,29-08-23
C01097,Chaitanya Sachdeva,Jaipur,18-11-22
C01098,Mahika Dara,Mumbai,30-05-23
C01099,Sudiksha Sem,Jaipur,11-03-23
C01100,Neha Loke,Pune,16-07-23
C01101,Idika Swamy,Delhi,02-06-23
C01102,Sanya Khurana,Hyderabad,20-05-23
C01103,Quincy Thaker,Delhi,07-10-22
C01104,Watika Mani,Ahmedabad,30-03-24
C01105,Divya Warrior,Delhi,01-06-22
C01106,Eiravati Chawla,Vizag,21-10-23
C01107,Udarsh Dara,Bengaluru,04-11-22
C01108,Ekani Bawa,Ahmedabad,02-06-23
C01109,Pranit Narula,Mangaluru,10-07-23
C01110,Aradhana Guha,Chennai,18-08-22
C01111,Eiravati Shukla,Jaipur,02-02-23
C01112,Kritika Kurian,Mangaluru,23-10-22
C01113,Ansh Wali,Chennai,26-11-22
C01114,Jasmit Saxena,Pune,07-01-24
C01115,Mugdha Grewal,Ahmedabad,03-10-22
C01116,Nirja Raja,Ahmedabad,29-11-22
C01117,Gaurika Shere,Hyderabad,10-07-22
C01118,Wriddhish Batta,Ahmedabad,17-02-23
C01119,Balvan Mitter,Jaipur,23-03-23
C01120,Qadim Seshadri,Bengaluru,13-04-23
C01121,Chameli Sarma,Pune,04-05-22
C01122,Ishanvi Mitter,Hyderabad,18-09-23
C01123,Xalak Wali,Lucknow,09-09-22
C01124,Sarthak Sampath,Jaipur,02-05-22
C01125,Yug Chad,Mangaluru,05-03-23
C01126,Jasmit Virk,Bengaluru,14-10-22
C01127,Chatura Ramakrishnan,Delhi,26-12-23
C01128,Bishakha Balakrishnan,Chennai,10-12-22
C01129,Girish Sood,Mohali,22-02-24
C01130,Jasmit Bobal,Mohali,17-06-22
C01131,Warhi Sane,Pune,07-02-24
C01132,Zayyan Shenoy,Kolkata,04-12-23
C01133,Jagat Sur,Mohali,04-04-23
C01134,Nidhi Majumdar,Jaipur,21-10-23
C01135,Jai Raman,Chennai,03-01-23
C01136,Ekapad Bhat,Mumbai,22-11-22
C01137,Ishanvi Karan,Chennai,12-09-22
C01138,Ayushman Pandey,Mangaluru,19-07-23
C01139,Ekalinga Dixit,Chennai,23-10-22
C01140,Meghana Dixit,Lucknow,20-04-22
C01141,Madhavi Dubey,Lucknow,02-02-24
C01142,Gaurav Ahuja,Vizag,10-08-23
C01143,Mitesh Chauhan,Ahmedabad,12-05-22
C01144,Nirja Manne,Bengaluru,06-08-22
C01145,Hamsini Sabharwal,Ahmedabad,01-05-22
C01146,Chaitanya Acharya,Jaipur,28-06-22
C01147,Ekavir Choudhury,Ahmedabad,29-05-22
C01148,Zaid Bera,Kolkata,18-05-23
C01149,Christopher Hari,Kolkata,25-07-23
C01150,Christopher Sundaram,Jaipur,07-12-22
C01151,Samar Raval,Mohali,09-09-23
C01152,Anamika Hora,Jaipur,10-08-22
C01153,Vansha Mangat,Pune,10-03-23
C01154,Devika Wason,Ahmedabad,11-05-23
C01155,Ucchal Mohanty,Kolkata,14-07-22
C01156,Jacob Andra,Hyderabad,31-08-22
C01157,Adya Sood,Mangaluru,22-06-23
C01158,Mahika Din,Hyderabad,22-06-23
C01159,Pahal Padmanabhan,Lucknow,15-05-23
C01160,Mekhala Keer,Pune,19-09-22
C01161,Praneel Biswas,Hyderabad,16-07-22
C01162,Advaith Barad,Mohali,30-09-22
C01163,Gautam Lall,Pune,15-06-23
C01164,Faraj Shah,Mumbai,14-03-24
C01165,Max Goyal,Kolkata,24-01-24
C01166,Upma Sehgal,Mangaluru,02-04-23
C01167,Madhav Bhalla,Ahmedabad,15-04-24
C01168,Varenya Anne,Mangaluru,17-12-22
C01169,Anusha Sandhu,Mohali,27-01-24
C01170,Fariq Mahajan,Pune,18-07-23
C01171,Dakshesh Saraf,Pune,29-05-22
C01172,Nirja Kapadia,Vizag,24-08-22
C01173,Faris Khosla,Mohali,24-01-24
C01174,Jason Buch,Vizag,10-11-22
C01175,Vanya Sule,Bengaluru,22-07-23
C01176,Vyanjana Gole,Ahmedabad,07-01-24
C01177,Vidhi Seth,Mumbai,03-04-23
C01178,Pahal Balasubramanian,Bengaluru,04-09-22
C01179,Chakradev Nagarajan,Jaipur,12-07-23
C01180,Faras Manne,Lucknow,17-06-23
C01181,Lekha Balakrishnan,Kolkata,12-08-23
C01182,Lekha Chokshi,Delhi,14-05-23
C01183,Yashvi Chanda,Ahmedabad,05-10-22
C01184,Dominic Sawhney,Delhi,21-02-23
C01185,Darpan Borra,Jaipur,14-01-23
C01186,Samuel Rattan,Ahmedabad,19-02-24
C01187,Qasim Sachdeva,Mumbai,13-05-22
C01188,Dhriti Dhar,Mangaluru,19-02-23
C01189,Vasana Swamy,Bengaluru,05-04-24
C01190,Chanchal Walia,Pune,15-03-23
C01191,Harsh Bhatia,Vizag,22-11-23
C01192,Tara Ravel,Bengaluru,28-08-22
C01193,Umang Mishra,Delhi,18-02-24
C01194,Mohini Wagle,Ahmedabad,02-06-22
C01195,Peter Sabharwal,Mohali,20-08-22
C01196,Abha Baria,Chennai,26-10-23
C01197,Jackson Balakrishnan,Kolkata,05-06-22
C01198,Yashica Muni,Lucknow,20-10-23
C01199,Baghyawati Varghese,Mangaluru,26-07-23
C01200,Yashvi Ram,Pune,23-12-23
C01201,Unnati Gara,Vizag,26-06-22
C01202,Anjali Parmer,Delhi,26-11-22
C01203,Vincent Nigam,Kolkata,05-04-23
C01204,Raksha Pandya,Vizag,22-03-23
C01205,Adweta Gera,Jaipur,18-01-24
C01206,Ekanta Narain,Pune,22-10-23
C01207,Tanish Singhal,Kolkata,22-09-23
C01208,Tarak Dhar,Vizag,13-07-23
C01209,Qasim Mahajan,Mangaluru,06-08-22
C01210,Vedika Kari,Mohali,16-03-23
C01211,Bhanumati Chandran,Ahmedabad,05-05-23
C01212,Odika Bhatia,Jaipur,07-10-22
C01213,Gaurika Majumdar,Mumbai,20-06-23
C01214,Ucchal Barman,Lucknow,08-01-24
C01215,Yachana Sur,Delhi,24-12-22
C01216,Warhi Keer,Hyderabad,02-05-22
C01217,Jagat Grewal,Vizag,09-06-22
C01218,Naveen Vasa,Vizag,07-06-22
C01219,Tristan Mander,Chennai,19-11-22
C01220,Nidra Shankar,Hyderabad,27-05-22
C01221,Frado Sarma,Mangaluru,16-10-22
C01222,Jeremiah Salvi,Delhi,01-02-24
C01223,Rishi Cheema,Pune,29-04-22
C01224,Sara Rana,Delhi,02-03-23
C01225,Caleb Khare,Mohali,25-12-22
C01226,Jasmit Jhaveri,Vizag,06-02-23
C01227,Daksh Gera,Mangaluru,30-03-24
C01228,Lekha Barman,Delhi,03-07-22
C01229,Zinal Raja,Ahmedabad,25-03-24
C01230,Frado Devi,Bengaluru,07-12-22
C01231,Edhitha Tank,Mangaluru,12-10-22
C01232,Harshil Handa,Chennai,06-01-23
C01233,Zarna Mahajan,Mumbai,02-02-23
C01234,Wakeeta Chander,Mumbai,13-10-23
C01235,Garima Purohit,Kolkata,01-01-24
C01236,Mohammed Patla,Mohali,22-10-23
C01237,Ikbal Borde,Mumbai,04-11-23
C01238,Zarna Prashad,Chennai,10-06-23
C01239,Indali Oommen,Kolkata,07-03-23
C01240,Garima Nagar,Kolkata,23-10-22
C01241,Abhimanyu Goyal,Pune,07-03-23
C01242,Sara Raja,Bengaluru,17-01-23
C01243,Daniel Brahmbhatt,Hyderabad,28-10-22
C01244,Raghav Naidu,Jaipur,21-03-23
C01245,Harrison Mangat,Pune,16-04-24
C01246,Bishakha Munshi,Lucknow,18-05-23
C01247,Adweta Bora,Vizag,04-07-22
C01248,Orinder Loyal,Mohali,13-01-24
C01249,Yamini Ganesan,Bengaluru,05-02-24
C01250,Diya Deshmukh,Bengaluru,30-08-23
C01251,Ekanta Brar,Bengaluru,20-03-23
C01252,Ekani Bumb,Delhi,06-12-23
C01253,Arin Dugar,Lucknow,19-05-22
C01254,Sathvik Varughese,Pune,14-01-23
C01255,Abeer Om,Lucknow,27-04-23
C01256,Niharika Buch,Vizag,07-05-23
C01257,Nachiket Sridhar,Hyderabad,12-04-23
C01258,Gaurangi Seth,Ahmedabad,10-07-23
C01259,Aarnav Tripathi,Lucknow,02-09-23
C01260,Harsh Chana,Bengaluru,27-11-23
C01261,Vyanjana Rao,Hyderabad,08-07-23
C01262,Vihaan Guha,Ahmedabad,16-10-23
C01263,Ati Choudhury,Vizag,09-10-23
C01264,Rohan Uppal,Chennai,14-03-23
C01265,Victor Shukla,Ahmedabad,24-03-23
C01266,Bimala Chakraborty,Chennai,04-05-22
C01267,Bakhshi Dhingra,Vizag,13-04-24
C01268,Devika Tella,Mumbai,30-09-23
C01269,Saanvi Ramachandran,Mohali,02-03-23
C01270,Rachana Balay,Ahmedabad,14-04-24
C01271,Logan Tandon,Chennai,29-01-23
C01272,Jacob Raja,Vizag,16-04-24
C01273,Nakul Mammen,Jaipur,07-09-23
C01274,Pranit Kar,Bengaluru,26-12-23
C01275,Yatan Sabharwal,Delhi,20-10-22
C01276,Qabil Nair,Ahmedabad,20-08-23
C01277,Sneha Sabharwal,Kolkata,31-05-22
C01278,Nirja Vyas,Lucknow,21-01-24
C01279,Kevin Iyer,Chennai,24-06-22
C01280,Samar Mukherjee,Vizag,12-09-22
C01281,Vansha Bajwa,Pune,06-04-24
C01282,Pooja Sarkar,Mangaluru,21-04-22
C01283,Kashvi Borra,Chennai,14-04-23
C01284,Falan Narain,Ahmedabad,03-10-23
C01285,Indali Golla,Chennai,01-02-24
C01286,Ekansh Comar,Hyderabad,17-04-23
C01287,Omkaar Panchal,Pune,13-11-23
C01288,Chanakya Parmer,Ahmedabad,16-07-23
C01289,Vidhi Anne,Delhi,28-06-22
C01290,Megha Trivedi,Hyderabad,30-06-23
C01291,Timothy Kurian,Pune,22-09-22
C01292,Hemani Om,Lucknow,31-05-23
C01293,Devika Karpe,Kolkata,13-11-22
C01294,Anita Munshi,Lucknow,01-05-22
C01295,Triveni Magar,Chennai,27-05-22
C01296,Jagat Palan,Mangaluru,18-09-22
C01297,Jasmit Sood,Chennai,13-06-23
C01298,Odika Master,Mumbai,25-11-23
C01299,Frado Virk,Vizag,13-12-22
C01300,Pallavi Minhas,Pune,06-11-23
